name,gender,top_bottom,no_within_gender,block,back_next,pid
vincent,M,top,253327,2,back,132
fae,F,bottom,549,2,next,132
veronique,F,bottom,1428,3,next,132
murat,M,bottom,314,4,next,132
brent,M,top,133633,2,next,132
anna,F,top,397826,1,next,132
nunzio,M,bottom,496,1,next,132
tadeusz,M,bottom,181,1,back,132
gary,M,top,637024,1,next,132
andrea,F,top,414065,4,next,132
jason,M,top,1032094,1,back,132
camie,F,bottom,1589,3,next,132
sarkis,M,bottom,695,4,back,132
despina,F,bottom,1097,1,next,132
alla,F,bottom,397,2,back,132
giuseppina,F,bottom,686,4,next,132
laurent,M,bottom,1097,2,next,132
mardi,F,bottom,777,1,next,132
viki,F,bottom,1548,3,back,132
kostas,M,bottom,339,4,next,132
denise,F,top,359710,2,next,132
karine,F,bottom,1087,3,back,132
melissa,F,top,749573,2,back,132
joy,F,top,97839,4,next,132
nancy,F,top,531232,4,back,132
james,M,top,2877483,4,back,132
colm,M,bottom,577,3,next,132
kevin,M,top,1158947,3,back,132
amy,F,top,666708,1,back,132
benedetto,M,bottom,514,1,next,132
raffi,M,bottom,754,2,next,132
virgina,F,bottom,815,1,back,132
bridgit,F,bottom,1274,2,back,132
benjamin,M,top,677813,2,next,132
vasiliki,F,bottom,1155,4,next,132
olena,F,bottom,333,4,back,132
julie,F,top,481284,4,back,132
marshall,M,top,58353,3,back,132
sean,M,top,418137,3,next,132
walter,M,top,192165,3,next,132
kathleen,F,top,468245,3,back,132
bernhard,M,bottom,541,2,back,132
florian,M,bottom,873,3,next,132
petar,M,bottom,552,1,back,132
hendrik,M,bottom,1008,2,back,132
sara,F,top,342086,2,next,132
ellen,F,top,132058,3,next,132
eleonora,F,bottom,706,4,back,132
alan,M,top,274937,2,back,132
travis,M,top,292399,1,back,132
joaquim,M,bottom,670,3,back,132
friedrich,M,bottom,472,4,back,132
melanie,F,top,243513,1,back,132
dyan,F,bottom,1733,2,next,132
keith,M,top,381119,4,next,132
margaret,F,top,368973,3,back,132
derek,M,top,231261,4,back,132
lance,M,top,98431,1,next,132
andrew,M,top,1156589,4,next,132
allison,F,top,300943,2,back,132
trudie,F,bottom,1221,1,back,132
alison,F,top,110686,1,next,132
krzysztof,M,bottom,456,3,back,132
carla,F,top,136352,3,next,132
